epoch,steps,cosine_pearson,cosine_spearman
1.0,72,0.8039614974446121,0.7708865391433881
2.0,144,0.8234752904299091,0.7853231260362405
3.0,216,0.833340680546165,0.7971763959513471
